neigh,obs,unique_species,area_ha,species_per_ha
2502274,4332,1042,359.5720483294352,2.898
2502281,5716,942,38.808592476595614,24.273
2502330,20,19,3.4883120455713477,5.447
2502273,13,13,6.4410421863032505,2.018
2502275,10,10,5.659965462061204,1.767
2502276,10,8,5.058283102729171,1.582
